
{
	"allowSleep" : true,
	"autoClearForces" : true,
	"body" : 
	[
		
		{
			"angle" : 0,
			"angularVelocity" : 0,
			"awake" : true,
			"fixture" : 
			[
				
				{
					"circle" : 
					{
						"center" : 0,
						"radius" : 0.1422219425439835
					},
					"density" : 1,
					"friction" : 0.2,
					"name" : "fixture1",
					"sensor" : true
				}
			],
			"linearVelocity" : 0,
			"name" : "door",
			"position" : 
			{
				"x" : 0.8994350433349609,
				"y" : -0.8201566338539124
			},
			"type" : 0
		},
		
		{
			"angle" : 0,
			"angularVelocity" : 0,
			"awake" : true,
			"fixture" : 
			[
				
				{
					"chain" : 
					{
						"hasNextVertex" : true,
						"hasPrevVertex" : true,
						"nextVertex" : 
						{
							"x" : -3.004230499267578,
							"y" : -0.1332668513059616
						},
						"prevVertex" : 
						{
							"x" : 0.2997103035449982,
							"y" : -2.544753074645996
						},
						"vertices" : 
						{
							"x" : 
							[
								-3.011455535888672,
								-3.004230499267578,
								-1.438154935836792,
								-1.480428338050842,
								-3.027626514434815,
								-3.020808696746826,
								0.6388606429100037,
								0.6359185576438904,
								2.866122722625732,
								2.848367214202881,
								2.820012569427490,
								2.765783071517944,
								2.655448198318481,
								2.465233802795410,
								2.275227069854736,
								0.3107053935527802,
								0.2997103035449982,
								-3.011455535888672
							],
							"y" : 
							[
								-2.612756490707398,
								-0.1332668513059616,
								-0.1508604288101196,
								1.758567214012146,
								1.757399559020996,
								3.187909603118897,
								3.219083309173584,
								4.694432735443115,
								4.676826953887940,
								-0.06930226087570190,
								-0.4511188864707947,
								-0.6845664978027344,
								-0.808762252330780,
								-0.8311404585838318,
								-0.8523817062377930,
								-0.8406268358230591,
								-2.544753074645996,
								-2.612756490707398
							]
						}
					},
					"density" : 1,
					"friction" : 0.2,
					"name" : "fixture0"
				}
			],
			"linearVelocity" : 0,
			"name" : "ground",
			"position" : 0,
			"type" : 0
		},
		
		{
			"allowSleep" : false,
			"angle" : 0,
			"angularDamping" : 5,
			"angularVelocity" : 0,
			"awake" : true,
			"fixture" : 
			[
				
				{
					"circle" : 
					{
						"center" : 0,
						"radius" : 0.5
					},
					"density" : 50.92958068847656,
					"friction" : 0.5,
					"name" : "fixture0"
				}
			],
			"linearDamping" : 1,
			"linearVelocity" : 0,
			"massData-I" : 5,
			"massData-mass" : 40.0,
			"name" : "ball",
			"path" : "object1",
			"position" : 
			{
				"x" : -2.325904607772827,
				"y" : 2.274056196212769
			},
			"type" : 2
		},
		
		{
			"allowSleep" : false,
			"angle" : 0,
			"angularVelocity" : 0,
			"awake" : true,
			"bullet" : true,
			"fixedRotation" : true,
			"fixture" : 
			[
				
				{
					"density" : 190.7690277099609,
					"friction" : 0.2,
					"name" : "playerfoot",
					"polygon" : 
					{
						"vertices" : 
						{
							"x" : 
							[
								0.2203180044889450,
								0.2203180044889450,
								-0.2206159979104996,
								-0.2206159979104996
							],
							"y" : 
							[
								-0.3854849934577942,
								-0.2072349935770035,
								-0.2072349935770035,
								-0.3854849934577942
							]
						}
					},
					"sensor" : true
				},
				
				{
					"circle" : 
					{
						"center" : 0,
						"radius" : 0.3
					},
					"density" : 190.7690277099609,
					"filter-categoryBits" : 16,
					"friction" : 1,
					"name" : "fixture0"
				}
			],
			"linearVelocity" : 0,
			"massData-I" : 0.2864424884319305,
			"massData-center" : 
			{
				"x" : -3.240882142563351e-005,
				"y" : -0.06446244567632675
			},
			"massData-mass" : 68.93245697021484,
			"name" : "player",
			"path" : "object0",
			"position" : 
			{
				"x" : -2.385717391967773,
				"y" : -2.056393861770630
			},
			"type" : 2
		}
	],
	"collisionbitplanes" : 
	{
		"names" : 
		[
			"bitplane1",
			"bitplane2",
			"bitplane3",
			"bitplane4",
			"bitplane5",
			"bitplane6",
			"bitplane7",
			"bitplane8",
			"bitplane9",
			"bitplane10",
			"bitplane11",
			"bitplane12",
			"bitplane13",
			"bitplane14",
			"bitplane15",
			"bitplane16",
			"bitplane17",
			"bitplane18",
			"bitplane19",
			"bitplane20",
			"bitplane21",
			"bitplane22",
			"bitplane23",
			"bitplane24",
			"bitplane25",
			"bitplane26",
			"bitplane27",
			"bitplane28",
			"bitplane29",
			"bitplane30",
			"bitplane31",
			"bitplane32"
		]
	},
	"continuousPhysics" : true,
	"gravity" : 
	{
		"x" : 0,
		"y" : -10
	},
	"image" : 
	[
		
		{
			"aspectScale" : 1,
			"body" : 0,
			"center" : 
			{
				"x" : -0.03040879964828491,
				"y" : 0.9122643470764160
			},
			"corners" : 
			{
				"x" : 
				[
					-0.3498433232307434,
					0.2890257239341736,
					0.2890257239341736,
					-0.3498433232307434
				],
				"y" : 
				[
					0.3464089035987854,
					0.3464089035987854,
					1.478119850158691,
					1.478119850158691
				]
			},
			"file" : "basic-object/Door.png",
			"filter" : 1,
			"glDrawElements" : [ 0, 1, 2, 2, 3, 0 ],
			"glTexCoordPointer" : [ 0.0, 0.0, 1, 0.0, 1, 1, 0.0, 1 ],
			"glVertexPointer" : 
			[
				-0.3498433232307434,
				0.3464089035987854,
				0.2890257239341736,
				0.3464089035987854,
				0.2890257239341736,
				1.478119850158691,
				-0.3498433232307434,
				1.478119850158691
			],
			"name" : "image3",
			"opacity" : 0.5,
			"renderOrder" : -2,
			"scale" : 1.131710886955261
		},
		
		{
			"aspectScale" : 1,
			"body" : 1,
			"center" : 0,
			"corners" : 
			{
				"x" : 
				[
					-3.210877895355225,
					3.210877895355225,
					3.210877895355225,
					-3.210877895355225
				],
				"y" : [ -5, -5, 5, 5 ]
			},
			"file" : "level4/level4.png",
			"filter" : 1,
			"glDrawElements" : [ 0, 1, 2, 2, 3, 0 ],
			"glTexCoordPointer" : [ 0.0, 0.0, 1, 0.0, 1, 1, 0.0, 1 ],
			"glVertexPointer" : 
			[
				-3.210877895355225,
				-5,
				3.210877895355225,
				-5,
				3.210877895355225,
				5,
				-3.210877895355225,
				5
			],
			"name" : "image0",
			"opacity" : 0.5,
			"renderOrder" : -2,
			"scale" : 10
		},
		
		{
			"aspectScale" : 1,
			"body" : 2,
			"center" : 0,
			"corners" : 
			{
				"x" : [ -0.5, 0.5, 0.5, -0.5 ],
				"y" : [ -0.5, -0.5, 0.5, 0.5 ]
			},
			"file" : "basic-object/Ball.png",
			"filter" : 1,
			"glDrawElements" : [ 0, 1, 2, 2, 3, 0 ],
			"glTexCoordPointer" : [ 0.0, 0.0, 1, 0.0, 1, 1, 0.0, 1 ],
			"glVertexPointer" : [ -0.5, -0.5, 0.5, -0.5, 0.5, 0.5, -0.5, 0.5 ],
			"name" : "image0",
			"opacity" : 0.5,
			"scale" : 1
		},
		
		{
			"aspectScale" : 1,
			"body" : 3,
			"center" : 
			{
				"x" : 0.01117317844182253,
				"y" : -0.01675975322723389
			},
			"corners" : 
			{
				"x" : 
				[
					-0.3033268153667450,
					0.3256731927394867,
					0.3256731927394867,
					-0.3033268153667450
				],
				"y" : 
				[
					-0.3312597572803497,
					-0.3312597572803497,
					0.2977402508258820,
					0.2977402508258820
				]
			},
			"file" : "basic-object/StartBtn.png",
			"filter" : 1,
			"glDrawElements" : [ 0, 1, 2, 2, 3, 0 ],
			"glTexCoordPointer" : [ 0.0, 0.0, 1, 0.0, 1, 1, 0.0, 1 ],
			"glVertexPointer" : 
			[
				-0.3033268153667450,
				-0.3312597572803497,
				0.3256731927394867,
				-0.3312597572803497,
				0.3256731927394867,
				0.2977402508258820,
				-0.3033268153667450,
				0.2977402508258820
			],
			"name" : "image0",
			"opacity" : 0.5,
			"renderOrder" : 9,
			"scale" : 0.6290000081062317
		},
		
		{
			"aspectScale" : 1,
			"body" : 1,
			"center" : 
			{
				"x" : -2.156887054443359,
				"y" : 0.6710115671157837
			},
			"corners" : 
			{
				"x" : 
				[
					-3.044278383255005,
					-1.269495844841003,
					-1.269495844841003,
					-3.044278383255005
				],
				"y" : 
				[
					-0.4692384004592896,
					-0.4692384004592896,
					1.811261534690857,
					1.811261534690857
				]
			},
			"file" : "level4/mask1.png",
			"filter" : 1,