
{
	"allowSleep" : true,
	"autoClearForces" : true,
	"body" : 
	[
		
		{
			"angle" : 0,
			"angularVelocity" : 0,
			"awake" : true,
			"fixture" : 
			[
				
				{
					"circle" : 
					{
						"center" : 
						{
							"x" : 0.05077014863491058,
							"y" : 3.310213565826416
						},
						"radius" : 0.1054326444864273
					},
					"density" : 1,
					"friction" : 0.2,
					"name" : "fixture2",
					"sensor" : true
				}
			],
			"linearVelocity" : 0,
			"name" : "door",
			"position" : 0,
			"type" : 0
		},
		
		{
			"allowSleep" : false,
			"angle" : 0,
			"angularVelocity" : 0,
			"awake" : true,
			"customProperties" : 
			[
				
				{
					"int" : 1,
					"name" : "BodyType"
				}
			],
			"fixture" : 
			[
				
				{
					"circle" : 
					{
						"center" : 0,
						"radius" : 0.5
					},
					"density" : 1,
					"friction" : 0.2,
					"name" : "fixture1"
				}
			],
			"linearVelocity" : 0,
			"massData-I" : 0.09817477315664291,
			"massData-mass" : 0.7853981852531433,
			"name" : "ball",
			"position" : 
			{
				"x" : -1.248945593833923,
				"y" : -2.731434106826782
			},
			"type" : 2
		},
		
		{
			"angle" : 0,
			"angularVelocity" : 0,
			"awake" : true,
			"fixture" : 
			[
				
				{
					"chain" : 
					{
						"hasNextVertex" : true,
						"hasPrevVertex" : true,
						"nextVertex" : 
						{
							"x" : 2.184267997741699,
							"y" : 1.938634395599365
						},
						"prevVertex" : 
						{
							"x" : 2.534640550613403,
							"y" : -1.601840257644653
						},
						"vertices" : 
						{
							"x" : 
							[
								3.708927631378174,
								2.184267997741699,
								1.631737351417542,
								1.079206705093384,
								0.7744054794311523,
								0.5673534870147705,
								0.3916729688644409,
								0.2724612057209015,
								-0.04737816751003265,
								-3.156536102294922,
								-2.923264265060425,
								-1.381953477859497,
								-1.349135398864746,
								-1.531022310256958,
								-1.824062347412109,
								-2.076683044433594,
								-3.450939893722534,
								-1.440078854560852,
								-0.1769751906394959,
								-1.114339351654053,
								-0.7327409386634827,
								-0.2477091550827026,
								0.4293144047260284,
								0.9446607232093811,
								2.534640550613403,
								3.708927631378174
							],
							"y" : 
							[
								1.349449634552002,
								1.938634395599365,
								0.4723032712936401,
								0.7591941356658936,
								1.017858386039734,
								1.293927788734436,
								1.595094323158264,
								1.915083646774292,
								3.822588205337524,
								3.343436956405640,
								1.748216629028320,
								1.963111996650696,
								1.378286480903626,
								0.7517870068550110,
								0.2566503584384918,
								-0.02628485113382340,
								-1.147920966148377,
								-3.562975168228149,
								-2.562596797943115,
								-1.344784498214722,
								-1.087291955947876,
								-0.9357194304466248,
								-0.8750904798507690,
								-0.9963484406471252,
								-1.601840257644653,
								1.349449634552002
							]
						}
					},
					"density" : 1,
					"friction" : 0.2,
					"name" : "fixture0"
				}
			],
			"linearVelocity" : 0,
			"name" : "ground",
			"position" : 0,
			"type" : 0
		},
		
		{
			"allowSleep" : false,
			"angle" : 0,
			"angularVelocity" : 0,
			"awake" : true,
			"bullet" : true,
			"fixedRotation" : true,
			"fixture" : 
			[
				
				{
					"circle" : 
					{
						"center" : 
						{
							"x" : 0,
							"y" : -0.1050253957509995
						},
						"radius" : 0.2256202101707459
					},
					"density" : 1,
					"friction" : 0.2,
					"name" : "fixture1"
				},
				
				{
					"density" : 27.67477416992188,
					"friction" : 0.2,
					"name" : "playerfoot",
					"polygon" : 
					{
						"vertices" : 
						{
							"x" : 
							[
								0.2203180044889450,
								0.2203180044889450,
								-0.2206159979104996,
								-0.2206159979104996
							],
							"y" : 
							[
								-0.3854849934577942,
								-0.2072349935770035,
								-0.2072349935770035,
								-0.3854849934577942
							]
						}
					},
					"sensor" : true
				},
				
				{
					"density" : 1,
					"friction" : 0.2,
					"name" : "fixture0",
					"polygon" : 
					{
						"vertices" : 
						{
							"x" : 
							[
								0.2223453968763351,
								0.2223453968763351,
								-0.2223453968763351,
								-0.2223453968763351
							],
							"y" : 
							[
								-0.1090236902236939,
								0.3017116487026215,
								0.3017116487026215,
								-0.1090236902236939
							]
						}
					}
				}
			],
			"linearVelocity" : 0,
			"massData-I" : 0.1646368950605393,
			"massData-center" : 
			{
				"x" : -0.0001287232735194266,
				"y" : -0.2557175457477570
			},
			"massData-mass" : 2.517711639404297,
			"name" : "player",
			"path" : "object0",
			"position" : 
			{
				"x" : 0.06347610056400299,
				"y" : -0.4803111851215363
			},
			"type" : 2
		}
	],
	"collisionbitplanes" : 
	{
		"names" : 
		[
			"bitplane1",
			"bitplane2",
			"bitplane3",
			"bitplane4",
			"bitplane5",
			"bitplane6",
			"bitplane7",
			"bitplane8",
			"bitplane9",
			"bitplane10",
			"bitplane11",
			"bitplane12",
			"bitplane13",
			"bitplane14",
			"bitplane15",
			"bitplane16",
			"bitplane17",
			"bitplane18",
			"bitplane19",
			"bitplane20",
			"bitplane21",
			"bitplane22",
			"bitplane23",
			"bitplane24",
			"bitplane25",
			"bitplane26",
			"bitplane27",
			"bitplane28",
			"bitplane29",
			"bitplane30",
			"bitplane31",
			"bitplane32"
		]
	},
	"continuousPhysics" : true,
	"gravity" : 
	{
		"x" : 0,
		"y" : -10
	},
	"image" : 
	[
		
		{
			"angle" : 1.720960497856140,
			"aspectScale" : 1,
			"body" : 0,
			"center" : 
			{
				"x" : -0.5549824833869934,
				"y" : 3.223007678985596
			},
			"corners" : 
			{
				"x" : 
				[
					0.08893658965826035,
					-0.01240566000342369,
					-1.198901534080505,
					-1.097559332847595
				],
				"y" : 
				[
					2.977869987487793,
					3.647665977478027,
					3.468145370483398,
					2.798349380493164
				]
			},
			"file" : "basic-object/Door.png",
			"filter" : 1,
			"glDrawElements" : [ 0, 1, 2, 2, 3, 0 ],
			"glTexCoordPointer" : [ 0.0, 0.0, 1, 0.0, 1, 1, 0.0, 1 ],
			"glVertexPointer" : 
			[
				0.08893658965826035,
				2.977869987487793,
				-0.01240566000342369,
				3.647665977478027,
				-1.198901534080505,
				3.468145370483398,
				-1.097559332847595,
				2.798349380493164
			],
			"name" : "image1",
			"opacity" : 0.5,
			"scale" : 1.2
		},
		
		{
			"aspectScale" : 1,
			"body" : 2,
			"center" : 0,
			"corners" : 
			{
				"x" : 
				[
					-13.80249977111816,
					13.80249977111816,
					13.80249977111816,
					-13.80249977111816
				],
				"y" : 
				[
					-13.80249977111816,
					-13.80249977111816,
					13.80249977111816,
					13.80249977111816
				]
			},
			"file" : "level2/level2BG.png",
			"filter" : 1,
			"glDrawElements" : [ 0, 1, 2, 2, 3, 0 ],
			"glTexCoordPointer" : [ 0.0, 0.0, 1, 0.0, 1, 1, 0.0, 1 ],
			"glVertexPointer" : 
			[
				-13.80249977111816,
				-13.80249977111816,
				13.80249977111816,
				-13.80249977111816,
				13.80249977111816,
				13.80249977111816,
				-13.80249977111816,
				13.80249977111816
			],
			"name" : "image0",
			"opacity" : 0.5,
			"scale" : 27.60499954223633
		},
		
		{
			"aspectScale" : 1,
			"body" : 1,
			"center" : 
			{
				"x" : -0.001556634902954102,
				"y" : -0.01002407073974609
			},
			"corners" : 
			{
				"x" : 
				[
					-0.4915566444396973,
					0.4884433746337891,
					0.4884433746337891,
					-0.4915566444396973
				],
				"y" : 
				[
					-0.5000240802764893,
					-0.5000240802764893,
					0.4799759387969971,
					0.4799759387969971
				]
			},
			"file" : "basic-object/Ball.png",
			"filter" : 1,
			"glDrawElements" : [ 0, 1, 2, 2, 3, 0 ],
			"glTexCoordPointer" : [ 0.0, 0.0, 1, 0.0, 1, 1, 0.0, 1 ],