
{
	"allowSleep" : true,
	"autoClearForces" : true,
	"body" : 
	[
		
		{
			"allowSleep" : false,
			"angle" : 7.709860801696777e-005,
			"angularVelocity" : 0,
			"awake" : true,
			"customProperties" : 
			[
				
				{
					"int" : 0,
					"name" : "BodyType"
				}
			],
			"fixture" : 
			[
				
				{
					"density" : 0.01712924055755138,
					"friction" : 0.5,
					"name" : "fixture3",
					"polygon" : 
					{
						"vertices" : 
						{
							"x" : 
							[
								0.2352852672338486,
								-0.1196535229682922,
								-0.2069922685623169,
								-0.2330725789070129,
								-0.1921993941068649,
								-0.1126810312271118
							],
							"y" : 
							[
								-0.01020628213882446,
								0.1235579848289490,
								0.07809546589851379,
								3.808736801147461e-005,
								-0.09106507897377014,
								-0.1258898228406906
							]
						}
					}
				}
			],
			"linearDamping" : 1,
			"linearVelocity" : 0,
			"massData-I" : 1.784643427527044e-005,
			"massData-center" : 
			{
				"x" : -0.05093978717923164,
				"y" : -0.003359212307259440
			},
			"massData-mass" : 0.001098088338039815,
			"name" : "key",
			"position" : 
			{
				"x" : -1.816690206527710,
				"y" : 0.1186690330505371
			},
			"type" : 2
		},
		
		{
			"angle" : 0,
			"angularVelocity" : 0,
			"awake" : true,
			"fixture" : 
			[
				
				{
					"circle" : 
					{
						"center" : 0,
						"radius" : 0.09693161398172379
					},
					"density" : 1,
					"friction" : 0.2,
					"name" : "fixture2",
					"sensor" : true
				}
			],
			"linearVelocity" : 0,
			"name" : "door",
			"position" : 
			{
				"x" : 2.93716573715210,
				"y" : 2.038072586059570
			},
			"type" : 0
		},
		
		{
			"angle" : 0,
			"angularVelocity" : 0,
			"awake" : true,
			"fixture" : 
			[
				
				{
					"circle" : 
					{
						"center" : 
						{
							"x" : 0,
							"y" : 5.960464477539063e-008
						},
						"radius" : 0.8859831094741821
					},
					"density" : 1,
					"friction" : 0.2,
					"name" : "fixture1",
					"sensor" : true
				}
			],
			"linearVelocity" : 0,
			"name" : "whirlpool",
			"position" : 
			{
				"x" : -0.3883027732372284,
				"y" : -0.7645950317382813
			},
			"type" : 0
		},
		
		{
			"angle" : 0,
			"angularVelocity" : 0,
			"awake" : true,
			"fixture" : 
			[
				
				{
					"chain" : 
					{
						"hasNextVertex" : true,
						"hasPrevVertex" : true,
						"nextVertex" : 
						{
							"x" : 0.5287521481513977,
							"y" : -0.03260642662644386
						},
						"prevVertex" : 
						{
							"x" : -1.865362524986267,
							"y" : -2.067436933517456
						},
						"vertices" : 
						{
							"x" : 
							[
								1.112023115158081,
								0.5287521481513977,
								2.218297719955444,
								2.440953731536865,
								2.675328254699707,
								2.815953016281128,
								2.925327777862549,
								2.956577777862549,
								2.933140277862549,
								1.921423196792603,
								1.897986292839050,
								-2.283057689666748,
								-2.598102331161499,
								-3.125445127487183,
								-3.344194889068604,
								-3.422319650650024,
								-3.406693220138550,
								-2.387163639068604,
								-2.406694412231445,
								-1.267674446105957,
								-1.865362524986267,
								1.112023115158081
							],
							"y" : 
							[
								-2.051675796508789,
								-0.03260642662644386,
								-0.01572040468454361,
								0.1131857931613922,
								0.3319354057312012,
								0.5936536788940430,
								0.9022471308708191,
								1.214746594429016,
								2.609275579452515,
								2.613181591033936,
								1.421777248382568,
								1.409241318702698,
								1.35537064075470,
								1.046777367591858,
								0.7108403444290161,
								0.4178720116615295,
								-1.289156079292297,
								-1.265718579292297,
								-0.06259565800428391,
								-0.05922694131731987,
								-2.067436933517456,
								-2.051675796508789
							]
						}
					},
					"density" : 1,
					"friction" : 0.2,
					"name" : "fixture0"
				}
			],
			"linearVelocity" : 0,
			"name" : "ground",
			"position" : 0,
			"type" : 0
		},
		
		{
			"allowSleep" : false,
			"angle" : 0,
			"angularVelocity" : 0,
			"awake" : true,
			"bullet" : true,
			"fixedRotation" : true,
			"fixture" : 
			[
				
				{
					"density" : 27.67477416992188,
					"friction" : 0.2,
					"name" : "playerfoot",
					"polygon" : 
					{
						"vertices" : 
						{
							"x" : 
							[
								0.2203180044889450,
								0.2203180044889450,
								-0.2206159979104996,
								-0.2206159979104996
							],
							"y" : 
							[
								-0.3854849934577942,
								-0.2072349935770035,
								-0.2072349935770035,
								-0.3854849934577942
							]
						}
					},
					"sensor" : true
				},
				
				{
					"circle" : 
					{
						"center" : 0,
						"radius" : 0.3
					},
					"density" : 27.67477416992188,
					"filter-categoryBits" : 16,
					"friction" : 1,
					"name" : "fixture0"
				}
			],
			"linearVelocity" : 0,
			"massData-I" : 0.04155409336090088,
			"massData-center" : 
			{
				"x" : -3.240882506361231e-005,
				"y" : -0.06446246057748795
			},
			"massData-mass" : 10,
			"name" : "player",
			"path" : "object1",
			"position" : 
			{
				"x" : 1.177376747131348,
				"y" : 0.3143071234226227
			},
			"type" : 2
		}
	],
	"collisionbitplanes" : 
	{
		"names" : 
		[
			"bitplane1",
			"bitplane2",
			"bitplane3",
			"bitplane4",
			"bitplane5",
			"bitplane6",
			"bitplane7",
			"bitplane8",
			"bitplane9",
			"bitplane10",
			"bitplane11",
			"bitplane12",
			"bitplane13",
			"bitplane14",
			"bitplane15",
			"bitplane16",
			"bitplane17",
			"bitplane18",
			"bitplane19",
			"bitplane20",
			"bitplane21",
			"bitplane22",
			"bitplane23",
			"bitplane24",
			"bitplane25",
			"bitplane26",
			"bitplane27",
			"bitplane28",
			"bitplane29",
			"bitplane30",
			"bitplane31",
			"bitplane32"
		]
	},
	"continuousPhysics" : true,
	"gravity" : 
	{
		"x" : 0,
		"y" : -10
	},
	"image" : 
	[
		
		{
			"aspectScale" : 1,
			"body" : 3,
			"center" : 0,
			"corners" : 
			{
				"x" : 
				[
					-5.410714149475098,
					5.410714149475098,
					5.410714149475098,
					-5.410714149475098
				],
				"y" : [ -3, -3, 3, 3 ]
			},
			"file" : "level5/level5.png",
			"filter" : 1,
			"glDrawElements" : [ 0, 1, 2, 2, 3, 0 ],
			"glTexCoordPointer" : [ 0.0, 0.0, 1, 0.0, 1, 1, 0.0, 1 ],
			"glVertexPointer" : 
			[
				-5.410714149475098,
				-3,
				5.410714149475098,
				-3,
				5.410714149475098,
				3,
				-5.410714149475098,
				3
			],
			"name" : "image0",
			"opacity" : 0.5,
			"scale" : 6
		},
		
		{
			"aspectScale" : 1,
			"body" : 0,
			"center" : 0,
			"corners" : 
			{
				"x" : 
				[
					-0.2388513386249542,
					0.2388513386249542,
					0.2388513386249542,
					-0.2388513386249542
				],
				"y" : 
				[
					-0.1305720657110214,
					-0.1305720657110214,
					0.1305720657110214,
					0.1305720657110214
				]
			},
			"file" : "basic-object/Key.png",
			"filter" : 1,
			"glDrawElements" : [ 0, 1, 2, 2, 3, 0 ],
			"glTexCoordPointer" : [ 0.0, 0.0, 1, 0.0, 1, 1, 0.0, 1 ],
			"glVertexPointer" : 
			[
				-0.2388513386249542,
				-0.1305720657110214,
				0.2388513386249542,
				-0.1305720657110214,
				0.2388513386249542,
				0.1305720657110214,
				-0.2388513386249542,
				0.1305720657110214
			],
			"name" : "image4",
			"opacity" : 0.5,
			"renderOrder" : 6,
			"scale" : 0.2611441314220429
		},
		
		{
			"aspectScale" : 1,
			"body" : 4,
			"center" : 
			{
				"x" : 0.01117317844182253,
				"y" : -0.01675975322723389
			},
			"corners" : 
			{
				"x" : 
				[
					-0.3033268153667450,
					0.3256731927394867,
					0.3256731927394867,
					-0.3033268153667450
				],
				"y" : 
				[
					-0.3312597572803497,
					-0.3312597572803497,
					0.2977402508258820,
					0.2977402508258820
				]
			},
			"file" : "basic-object/StartBtn.png",
			"filter" : 1,
			"glDrawElements" : [ 0, 1, 2, 2, 3, 0 ],
			"glTexCoordPointer" : [ 0.0, 0.0, 1, 0.0, 1, 1, 0.0, 1 ],