
{
	"allowSleep" : true,
	"autoClearForces" : true,
	"body" : 
	[
		
		{
			"angle" : 0,
			"angularVelocity" : 0,
			"awake" : true,
			"fixture" : 
			[
				
				{
					"circle" : 
					{
						"center" : 0,
						"radius" : 0.09663471579551697
					},
					"density" : 1,
					"friction" : 0.2,
					"name" : "fixture2",
					"sensor" : true
				}
			],
			"linearVelocity" : 0,
			"name" : "door",
			"position" : 
			{
				"x" : -2.810368061065674,
				"y" : -0.7332791090011597
			},
			"type" : 0
		},
		
		{
			"allowSleep" : false,
			"angle" : -1.590566992759705,
			"angularDamping" : 3,
			"angularVelocity" : 0,
			"awake" : true,
			"customProperties" : 
			[
				
				{
					"int" : 0,
					"name" : "BodyType"
				}
			],
			"fixture" : 
			[
				
				{
					"density" : 1,
					"filter-categoryBits" : 9,
					"friction" : 0.2,
					"name" : "fixture10",
					"polygon" : 
					{
						"vertices" : 
						{
							"x" : 
							[
								0.002379357814788818,
								-0.4377174377441406,
								-0.3034231960773468,
								-0.2467930912971497,
								-0.1642749607563019,
								-0.1011728644371033,
								-0.01380068063735962
							],
							"y" : 
							[
								0.1051485538482666,
								0.09867656230926514,
								-0.2249239683151245,
								-0.2394859790802002,
								-0.2313959598541260,
								-0.2022718191146851,
								-0.1262257099151611
							]
						}
					}
				},
				
				{
					"density" : 1,
					"filter-categoryBits" : 9,
					"friction" : 0.2,
					"name" : "fixture10",
					"polygon" : 
					{
						"vertices" : 
						{
							"x" : 
							[
								-0.3034231960773468,
								-0.4377174377441406,
								-0.4544709622859955,
								-0.4555154442787170,
								-0.4441894292831421,
								-0.4126249551773071,
								-0.3487272858619690
							],
							"y" : 
							[
								-0.2249239683151245,
								0.09867656230926514,
								0.04590792208909988,
								-0.009729623794555664,
								-0.09386575222015381,
								-0.1450815498828888,
								-0.2055078744888306
							]
						}
					}
				},
				
				{
					"density" : 1,
					"filter-categoryBits" : 9,
					"friction" : 0.2,
					"name" : "fixture10",
					"polygon" : 
					{
						"vertices" : 
						{
							"x" : 
							[
								0.002379357814788818,
								-0.1933990120887756,
								-0.2597371041774750,
								-0.3212212324142456,
								-0.3616712987422943,
								-0.4126259982585907,
								-0.4377174377441406
							],
							"y" : 
							[
								0.1051485538482666,
								0.2459148168563843,
								0.2410608530044556,
								0.2151727676391602,
								0.1925207376480103,
								0.1450815498828888,
								0.09867656230926514
							]
						}
					}
				},
				
				{
					"density" : 1,
					"filter-categoryBits" : 9,
					"friction" : 0.2,
					"name" : "fixture10",
					"polygon" : 
					{
						"vertices" : 
						{
							"x" : 
							[
								0.002379357814788818,
								-0.01541870832443237,
								-0.04292476177215576,
								-0.07690280675888062,
								-0.1319148838520050,
								-0.1933990120887756
							],
							"y" : 
							[
								0.1051485538482666,
								0.1407446861267090,
								0.1779587268829346,
								0.2119368314743042,
								0.2345888614654541,
								0.2459148168563843
							]
						}
					}
				},
				
				{
					"density" : 1,
					"filter-categoryBits" : 9,
					"friction" : 0.2,
					"name" : "fixture10",
					"polygon" : 
					{
						"vertices" : 
						{
							"x" : 
							[
								0.04661310091614723,
								0.002379357814788818,
								-0.01380068063735962,
								0.04606539011001587
							],
							"y" : 
							[
								-0.09470931440591812,
								0.1051485538482666,
								-0.1262257099151611,
								-0.1310797929763794
							]
						}
					}
				},
				
				{
					"density" : 1,
					"filter-categoryBits" : 9,
					"friction" : 0.2,
					"name" : "fixture10",
					"polygon" : 
					{
						"vertices" : 
						{
							"x" : 
							[
								0.04661310091614723,
								0.04459588602185249,
								0.04282939434051514,
								0.002379357814788818
							],
							"y" : 
							[
								-0.09470931440591812,
								0.07104832679033279,
								0.1051485538482666,
								0.1051485538482666
							]
						}
					}
				},
				
				{
					"density" : 1,
					"filter-categoryBits" : 9,
					"friction" : 0.2,
					"name" : "fixture10",
					"polygon" : 
					{
						"vertices" : 
						{
							"x" : 
							[
								0.4638496637344360,
								0.3926753997802734,
								0.04459588602185249,
								0.04661310091614723,
								0.3926764130592346
							],
							"y" : 
							[
								-0.01701200008392334,
								0.06511461734771729,
								0.07104832679033279,
								-0.09470931440591812,
								-0.09701198339462280
							]
						}
					}
				}
			],
			"linearDamping" : 1,
			"linearVelocity" : 0,
			"massData-I" : 0.01835359632968903,
			"massData-center" : 
			{
				"x" : -0.09703165292739868,
				"y" : -0.001104304101318121
			},
			"massData-mass" : 0.2522962987422943,
			"name" : "key",
			"position" : 
			{
				"x" : 3.691343545913696,
				"y" : 0.9852381348609924
			},
			"type" : 2
		},
		
		{
			"angle" : 0,
			"angularVelocity" : 0,
			"awake" : true,
			"fixture" : 
			[
				
				{
					"circle" : 
					{
						"center" : 
						{
							"x" : 0,
							"y" : 5.960464477539063e-008
						},
						"radius" : 1.034846305847168
					},
					"density" : 1,
					"friction" : 0.2,
					"name" : "fixture1",
					"sensor" : true
				}
			],
			"linearVelocity" : 0,
			"name" : "whirlpool",
			"position" : 
			{
				"x" : 1.348028182983398,
				"y" : -0.2235644310712814
			},
			"type" : 0
		},
		
		{
			"angle" : 0,
			"angularVelocity" : 0,
			"awake" : true,
			"fixture" : 
			[
				
				{
					"chain" : 
					{
						"hasNextVertex" : true,
						"hasPrevVertex" : true,
						"nextVertex" : 
						{
							"x" : 2.363378524780273,
							"y" : 5.709974288940430
						},
						"prevVertex" : 
						{
							"x" : -6.783040046691895,
							"y" : 2.738885402679443
						},
						"vertices" : 
						{
							"x" : 
							[
								-4.707261085510254,
								2.363378524780273,
								6.575107097625732,
								5.035359859466553,
								-5.970640659332275,
								-6.783040046691895,
								-4.707261085510254
							],
							"y" : 
							[
								5.23181152343750,
								5.709974288940430,
								2.873524904251099,
								-4.473891258239746,
								-4.205641269683838,
								2.738885402679443,
								5.23181152343750
							]
						}
					},
					"density" : 1,
					"friction" : 0.2,
					"name" : "fixture1"
				}
			],
			"linearVelocity" : 0,
			"name" : "edge",
			"position" : 0,
			"type" : 0
		},
		
		{
			"angle" : 0,
			"angularVelocity" : 0,
			"awake" : true,
			"fixture" : 
			[
				
				{
					"density" : 1,
					"friction" : 0.2,
					"name" : "fixture0",
					"polygon" : 
					{
						"vertices" : 
						{
							"x" : 
							[
								4.322897434234619,
								3.932337522506714,
								-4.463569641113281,
								-3.335124969482422,
								3.668837785720825
							],
							"y" : 
							[
								-1.419947385787964,
								-0.7132908701896668,
								-0.7545138597488403,
								-1.482056379318237,
								-1.504095435142517
							]
						}
					}
				},
				
				{
					"density" : 1,
					"friction" : 0.2,
					"name" : "fixture0",
					"polygon" : 
					{
						"vertices" : 
						{
							"x" : [ 4.322897434234619, 3.959361076354981, 3.932337522506714 ],
							"y" : [ -1.419947385787964, 2.415989160537720, -0.7132908701896668 ]
						}
					}
				}
			],
			"linearVelocity" : 0,
			"name" : "ground",
			"position" : 0,
			"type" : 0
		},
		
		{
			"allowSleep" : false,
			"angle" : 0,
			"angularVelocity" : 0,
			"awake" : true,
			"bullet" : true,
			"fixedRotation" : true,
			"fixture" : 
			[
				
				{
					"circle" : 
					{
						"center" : 0,
						"radius" : 0.3
					},